-- ============================================================
--  Sneaker Store — Full INSERT script (South Africa)
--  Run in order: dimensions first, fact table last
--  SQL Server compatible
-- ============================================================
 
DELETE FROM Fact_Sales;
 
DELETE FROM Dim_Customer;
DELETE FROM Dim_Date;
DELETE FROM Dim_SalesPerson;
DELETE FROM Dim_Product;
DELETE FROM Dim_Store;
DELETE FROM Dim_Channel;
DELETE FROM Dim_Fulfilment; 

-- 1. DIM_CUSTOMER (50 rows)
INSERT INTO Dim_Customer (Customer_ID, Age, Gender, Email, Address) VALUES
    (1, 56, 'Male', 'sipho_dlamini@gmail.com', '760 Church Street, Pretoria'),
    (2, 30, 'Male', 'ayanda_nkosi@gmail.com', '693 Bree Street, Cape Town'),
    (3, 53, 'Female', 'thabo_mokoena@gmail.com', '31 Jan Smuts Avenue, Pretoria'),
    (4, 30, 'Male', 'zanele_zulu@webmail.co.za', '204 Bree Street, East London'),
    (5, 30, 'Female', 'lerato_khumalo@webmail.co.za', '285 Nelson Mandela Drive, Durban'),
    (6, 60, 'Female', 'bongani_ndlovu@outlook.com', '285 Voortrekker Road, Pretoria'),
    (7, 64, 'Female', 'nomsa_mthembu@gmail.com', '95 Main Road, Cape Town'),
    (8, 38, 'Female', 'lwazi_sithole@webmail.co.za', '271 Nelson Mandela Drive, Nelspruit'),
    (9, 50, 'Male', 'precious_mkhize@icloud.com', '81 Bree Street, Port Elizabeth'),
    (10, 56, 'Female', 'mandla_mahlangu@webmail.co.za', '197 Jan Smuts Avenue, Johannesburg'),
    (11, 58, 'Male', 'thandeka_duplessis@outlook.com', '82 Commissioner Street, Cape Town'),
    (12, 40, 'Female', 'sifiso_vanderberg@icloud.com', '651 Long Street, Durban'),
    (13, 39, 'Female', 'nompumelelo_botha@yahoo.com', '687 Church Street, Cape Town'),
    (14, 54, 'Male', 'kagiso_joubert@webmail.co.za', '747 Commissioner Street, Durban'),
    (15, 45, 'Female', 'lindiwe_steyn@outlook.com', '948 Bree Street, Pretoria'),
    (16, 59, 'Female', 'tshepo_nel@gmail.com', '235 Nelson Mandela Drive, Bloemfontein'),
    (17, 41, 'Female', 'nokwanda_visser@gmail.com', '217 Adderley Street, Bloemfontein'),
    (18, 29, 'Female', 'mpho_pretorius@icloud.com', '906 OR Tambo Drive, Durban'),
    (19, 32, 'Male', 'sanele_venter@yahoo.com', '763 Bree Street, Port Elizabeth'),
    (20, 63, 'Female', 'brenda_kotze@webmail.co.za', '409 Long Street, Pretoria'),
    (21, 24, 'Female', 'jacques_naidoo@gmail.com', '774 Nelson Mandela Drive, Cape Town'),
    (22, 25, 'Male', 'anri_pillay@icloud.com', '611 Jan Smuts Avenue, East London'),
    (23, 40, 'Female', 'pieter_govender@webmail.co.za', '258 Bree Street, Johannesburg'),
    (24, 59, 'Male', 'sune_reddy@webmail.co.za', '769 Church Street, Bloemfontein'),
    (25, 23, 'Female', 'francois_chetty@icloud.com', '162 OR Tambo Drive, Johannesburg'),
    (26, 62, 'Female', 'marelize_moodley@webmail.co.za', '781 Voortrekker Road, Cape Town'),
    (27, 56, 'Female', 'johan_patel@webmail.co.za', '624 Commissioner Street, Durban'),
    (28, 39, 'Male', 'lizelle_singh@webmail.co.za', '977 Bree Street, Johannesburg'),
    (29, 54, 'Female', 'hendrik_krishnamurthy@icloud.com', '20 Jan Smuts Avenue, Bloemfontein'),
    (30, 35, 'Male', 'riana_ramsamy@gmail.com', '247 Adderley Street, Cape Town'),
    (31, 21, 'Female', 'priya_petersen@gmail.com', '779 Bree Street, Durban'),
    (32, 24, 'Female', 'ashwin_adams@webmail.co.za', '170 Church Street, East London'),
    (33, 29, 'Male', 'kavitha_davids@outlook.com', '409 Long Street, Nelspruit'),
    (34, 49, 'Female', 'rajan_jacobs@gmail.com', '254 Commissioner Street, Cape Town'),
    (35, 37, 'Male', 'shreya_february@webmail.co.za', '568 Commissioner Street, Pretoria'),
    (36, 16, 'Male', 'dev_october@gmail.com', '235 Jan Smuts Avenue, Johannesburg'),
    (37, 37, 'Male', 'nisha_manuel@webmail.co.za', '244 Church Street, Nelspruit'),
    (38, 29, 'Male', 'arjun_hendricks@webmail.co.za', '591 OR Tambo Drive, Pretoria'),
    (39, 46, 'Female', 'meera_isaacs@yahoo.com', '97 Jan Smuts Avenue, East London'),
    (40, 38, 'Female', 'vikram_daniels@icloud.com', '479 Nelson Mandela Drive, Cape Town'),
    (41, 19, 'Female', 'amahle_moyo@outlook.com', '820 Jan Smuts Avenue, Pretoria'),
    (42, 28, 'Male', 'siyanda_sibanda@webmail.co.za', '460 Voortrekker Road, East London'),
    (43, 27, 'Female', 'lungelo_ncube@icloud.com', '256 Jan Smuts Avenue, Nelspruit'),
    (44, 51, 'Male', 'ntombi_nyathi@gmail.com', '668 Bree Street, Johannesburg'),
    (45, 21, 'Male', 'sibusiso_tshuma@yahoo.com', '417 OR Tambo Drive, Nelspruit'),
    (46, 29, 'Female', 'yolanda_mpofu@gmail.com', '169 Main Road, Johannesburg'),
    (47, 40, 'Female', 'nkosi_banda@icloud.com', '293 Main Road, Nelspruit'),
    (48, 25, 'Male', 'felicia_phiri@outlook.com', '223 Nelson Mandela Drive, Johannesburg'),
    (49, 63, 'Female', 'thandi_mutasa@gmail.com', '52 Adderley Street, Nelspruit'),
    (50, 48, 'Male', 'rethabile_chikwanda@gmail.com', '984 Bree Street, Cape Town');

-- 2. DIM_DATE (366 rows — SA public holidays, southern hemisphere seasons)
INSERT INTO Dim_Date (Date_ID, Year, Month, Day, Is_Holiday, Season) VALUES
    ('2024-01-01', 2024, 1, 1, 1, 'Summer'),
    ('2024-01-02', 2024, 1, 2, 0, 'Summer'),
    ('2024-01-03', 2024, 1, 3, 0, 'Summer'),
    ('2024-01-04', 2024, 1, 4, 0, 'Summer'),
    ('2024-01-05', 2024, 1, 5, 0, 'Summer'),
    ('2024-01-06', 2024, 1, 6, 0, 'Summer'),
    ('2024-01-07', 2024, 1, 7, 0, 'Summer'),
    ('2024-01-08', 2024, 1, 8, 0, 'Summer'),
    ('2024-01-09', 2024, 1, 9, 0, 'Summer'),
    ('2024-01-10', 2024, 1, 10, 0, 'Summer'),
    ('2024-01-11', 2024, 1, 11, 0, 'Summer'),
    ('2024-01-12', 2024, 1, 12, 0, 'Summer'),
    ('2024-01-13', 2024, 1, 13, 0, 'Summer'),
    ('2024-01-14', 2024, 1, 14, 0, 'Summer'),
    ('2024-01-15', 2024, 1, 15, 0, 'Summer'),
    ('2024-01-16', 2024, 1, 16, 0, 'Summer'),
    ('2024-01-17', 2024, 1, 17, 0, 'Summer'),
    ('2024-01-18', 2024, 1, 18, 0, 'Summer'),
    ('2024-01-19', 2024, 1, 19, 0, 'Summer'),
    ('2024-01-20', 2024, 1, 20, 0, 'Summer'),
    ('2024-01-21', 2024, 1, 21, 0, 'Summer'),
    ('2024-01-22', 2024, 1, 22, 0, 'Summer'),
    ('2024-01-23', 2024, 1, 23, 0, 'Summer'),
    ('2024-01-24', 2024, 1, 24, 0, 'Summer'),
    ('2024-01-25', 2024, 1, 25, 0, 'Summer'),
    ('2024-01-26', 2024, 1, 26, 0, 'Summer'),
    ('2024-01-27', 2024, 1, 27, 0, 'Summer'),
    ('2024-01-28', 2024, 1, 28, 0, 'Summer'),
    ('2024-01-29', 2024, 1, 29, 0, 'Summer'),
    ('2024-01-30', 2024, 1, 30, 0, 'Summer'),
    ('2024-01-31', 2024, 1, 31, 0, 'Summer'),
    ('2024-02-01', 2024, 2, 1, 0, 'Summer'),
    ('2024-02-02', 2024, 2, 2, 0, 'Summer'),
    ('2024-02-03', 2024, 2, 3, 0, 'Summer'),
    ('2024-02-04', 2024, 2, 4, 0, 'Summer'),
    ('2024-02-05', 2024, 2, 5, 0, 'Summer'),
    ('2024-02-06', 2024, 2, 6, 0, 'Summer'),
    ('2024-02-07', 2024, 2, 7, 0, 'Summer'),
    ('2024-02-08', 2024, 2, 8, 0, 'Summer'),
    ('2024-02-09', 2024, 2, 9, 0, 'Summer'),
    ('2024-02-10', 2024, 2, 10, 0, 'Summer'),
    ('2024-02-11', 2024, 2, 11, 0, 'Summer'),
    ('2024-02-12', 2024, 2, 12, 0, 'Summer'),
    ('2024-02-13', 2024, 2, 13, 0, 'Summer'),
    ('2024-02-14', 2024, 2, 14, 0, 'Summer'),
    ('2024-02-15', 2024, 2, 15, 0, 'Summer'),
    ('2024-02-16', 2024, 2, 16, 0, 'Summer'),
    ('2024-02-17', 2024, 2, 17, 0, 'Summer'),
    ('2024-02-18', 2024, 2, 18, 0, 'Summer'),
    ('2024-02-19', 2024, 2, 19, 0, 'Summer'),
    ('2024-02-20', 2024, 2, 20, 0, 'Summer'),
    ('2024-02-21', 2024, 2, 21, 0, 'Summer'),
    ('2024-02-22', 2024, 2, 22, 0, 'Summer'),
    ('2024-02-23', 2024, 2, 23, 0, 'Summer'),
    ('2024-02-24', 2024, 2, 24, 0, 'Summer'),
    ('2024-02-25', 2024, 2, 25, 0, 'Summer'),
    ('2024-02-26', 2024, 2, 26, 0, 'Summer'),
    ('2024-02-27', 2024, 2, 27, 0, 'Summer'),
    ('2024-02-28', 2024, 2, 28, 0, 'Summer'),
    ('2024-02-29', 2024, 2, 29, 0, 'Summer'),
    ('2024-03-01', 2024, 3, 1, 0, 'Autumn'),
    ('2024-03-02', 2024, 3, 2, 0, 'Autumn'),
    ('2024-03-03', 2024, 3, 3, 0, 'Autumn'),
    ('2024-03-04', 2024, 3, 4, 0, 'Autumn'),
    ('2024-03-05', 2024, 3, 5, 0, 'Autumn'),
    ('2024-03-06', 2024, 3, 6, 0, 'Autumn'),
    ('2024-03-07', 2024, 3, 7, 0, 'Autumn'),
    ('2024-03-08', 2024, 3, 8, 0, 'Autumn'),
    ('2024-03-09', 2024, 3, 9, 0, 'Autumn'),
    ('2024-03-10', 2024, 3, 10, 0, 'Autumn'),
    ('2024-03-11', 2024, 3, 11, 0, 'Autumn'),
    ('2024-03-12', 2024, 3, 12, 0, 'Autumn'),
    ('2024-03-13', 2024, 3, 13, 0, 'Autumn'),
    ('2024-03-14', 2024, 3, 14, 0, 'Autumn'),
    ('2024-03-15', 2024, 3, 15, 0, 'Autumn'),
    ('2024-03-16', 2024, 3, 16, 0, 'Autumn'),
    ('2024-03-17', 2024, 3, 17, 0, 'Autumn'),
    ('2024-03-18', 2024, 3, 18, 0, 'Autumn'),
    ('2024-03-19', 2024, 3, 19, 0, 'Autumn'),
    ('2024-03-20', 2024, 3, 20, 0, 'Autumn'),
    ('2024-03-21', 2024, 3, 21, 1, 'Autumn'),
    ('2024-03-22', 2024, 3, 22, 0, 'Autumn'),
    ('2024-03-23', 2024, 3, 23, 0, 'Autumn'),
    ('2024-03-24', 2024, 3, 24, 0, 'Autumn'),
    ('2024-03-25', 2024, 3, 25, 0, 'Autumn'),
    ('2024-03-26', 2024, 3, 26, 0, 'Autumn'),
    ('2024-03-27', 2024, 3, 27, 0, 'Autumn'),
    ('2024-03-28', 2024, 3, 28, 0, 'Autumn'),
    ('2024-03-29', 2024, 3, 29, 1, 'Autumn'),
    ('2024-03-30', 2024, 3, 30, 0, 'Autumn'),
    ('2024-03-31', 2024, 3, 31, 0, 'Autumn'),
    ('2024-04-01', 2024, 4, 1, 1, 'Autumn'),
    ('2024-04-02', 2024, 4, 2, 0, 'Autumn'),
    ('2024-04-03', 2024, 4, 3, 0, 'Autumn'),
    ('2024-04-04', 2024, 4, 4, 0, 'Autumn'),
    ('2024-04-05', 2024, 4, 5, 0, 'Autumn'),
    ('2024-04-06', 2024, 4, 6, 0, 'Autumn'),
    ('2024-04-07', 2024, 4, 7, 0, 'Autumn'),
    ('2024-04-08', 2024, 4, 8, 0, 'Autumn'),
    ('2024-04-09', 2024, 4, 9, 0, 'Autumn'),
    ('2024-04-10', 2024, 4, 10, 0, 'Autumn'),
    ('2024-04-11', 2024, 4, 11, 0, 'Autumn'),
    ('2024-04-12', 2024, 4, 12, 0, 'Autumn'),
    ('2024-04-13', 2024, 4, 13, 0, 'Autumn'),
    ('2024-04-14', 2024, 4, 14, 0, 'Autumn'),
    ('2024-04-15', 2024, 4, 15, 0, 'Autumn'),
    ('2024-04-16', 2024, 4, 16, 0, 'Autumn'),
    ('2024-04-17', 2024, 4, 17, 0, 'Autumn'),
    ('2024-04-18', 2024, 4, 18, 0, 'Autumn'),
    ('2024-04-19', 2024, 4, 19, 0, 'Autumn'),
    ('2024-04-20', 2024, 4, 20, 0, 'Autumn'),
    ('2024-04-21', 2024, 4, 21, 0, 'Autumn'),
    ('2024-04-22', 2024, 4, 22, 0, 'Autumn'),
    ('2024-04-23', 2024, 4, 23, 0, 'Autumn'),
    ('2024-04-24', 2024, 4, 24, 0, 'Autumn'),
    ('2024-04-25', 2024, 4, 25, 0, 'Autumn'),
    ('2024-04-26', 2024, 4, 26, 0, 'Autumn'),
    ('2024-04-27', 2024, 4, 27, 1, 'Autumn'),
    ('2024-04-28', 2024, 4, 28, 0, 'Autumn'),
    ('2024-04-29', 2024, 4, 29, 0, 'Autumn'),
    ('2024-04-30', 2024, 4, 30, 0, 'Autumn'),
    ('2024-05-01', 2024, 5, 1, 1, 'Autumn'),
    ('2024-05-02', 2024, 5, 2, 0, 'Autumn'),
    ('2024-05-03', 2024, 5, 3, 0, 'Autumn'),
    ('2024-05-04', 2024, 5, 4, 0, 'Autumn'),
    ('2024-05-05', 2024, 5, 5, 0, 'Autumn'),
    ('2024-05-06', 2024, 5, 6, 0, 'Autumn'),
    ('2024-05-07', 2024, 5, 7, 0, 'Autumn'),
    ('2024-05-08', 2024, 5, 8, 0, 'Autumn'),
    ('2024-05-09', 2024, 5, 9, 0, 'Autumn'),
    ('2024-05-10', 2024, 5, 10, 0, 'Autumn'),
    ('2024-05-11', 2024, 5, 11, 0, 'Autumn'),
    ('2024-05-12', 2024, 5, 12, 0, 'Autumn'),
    ('2024-05-13', 2024, 5, 13, 0, 'Autumn'),
    ('2024-05-14', 2024, 5, 14, 0, 'Autumn'),
    ('2024-05-15', 2024, 5, 15, 0, 'Autumn'),
    ('2024-05-16', 2024, 5, 16, 0, 'Autumn'),
    ('2024-05-17', 2024, 5, 17, 0, 'Autumn'),
    ('2024-05-18', 2024, 5, 18, 0, 'Autumn'),
    ('2024-05-19', 2024, 5, 19, 0, 'Autumn'),
    ('2024-05-20', 2024, 5, 20, 0, 'Autumn'),
    ('2024-05-21', 2024, 5, 21, 0, 'Autumn'),
    ('2024-05-22', 2024, 5, 22, 0, 'Autumn'),
    ('2024-05-23', 2024, 5, 23, 0, 'Autumn'),
    ('2024-05-24', 2024, 5, 24, 0, 'Autumn'),
    ('2024-05-25', 2024, 5, 25, 0, 'Autumn'),
    ('2024-05-26', 2024, 5, 26, 0, 'Autumn'),
    ('2024-05-27', 2024, 5, 27, 0, 'Autumn'),
    ('2024-05-28', 2024, 5, 28, 0, 'Autumn'),
    ('2024-05-29', 2024, 5, 29, 1, 'Autumn'),
    ('2024-05-30', 2024, 5, 30, 0, 'Autumn'),
    ('2024-05-31', 2024, 5, 31, 0, 'Autumn'),
    ('2024-06-01', 2024, 6, 1, 0, 'Winter'),
    ('2024-06-02', 2024, 6, 2, 0, 'Winter'),
    ('2024-06-03', 2024, 6, 3, 0, 'Winter'),
    ('2024-06-04', 2024, 6, 4, 0, 'Winter'),
    ('2024-06-05', 2024, 6, 5, 0, 'Winter'),
    ('2024-06-06', 2024, 6, 6, 0, 'Winter'),
    ('2024-06-07', 2024, 6, 7, 0, 'Winter'),
    ('2024-06-08', 2024, 6, 8, 0, 'Winter'),
    ('2024-06-09', 2024, 6, 9, 0, 'Winter'),
    ('2024-06-10', 2024, 6, 10, 0, 'Winter'),
    ('2024-06-11', 2024, 6, 11, 0, 'Winter'),
    ('2024-06-12', 2024, 6, 12, 0, 'Winter'),
    ('2024-06-13', 2024, 6, 13, 0, 'Winter'),
    ('2024-06-14', 2024, 6, 14, 0, 'Winter'),
    ('2024-06-15', 2024, 6, 15, 0, 'Winter'),
    ('2024-06-16', 2024, 6, 16, 1, 'Winter'),
    ('2024-06-17', 2024, 6, 17, 0, 'Winter'),
    ('2024-06-18', 2024, 6, 18, 0, 'Winter'),
    ('2024-06-19', 2024, 6, 19, 0, 'Winter'),
    ('2024-06-20', 2024, 6, 20, 0, 'Winter'),
    ('2024-06-21', 2024, 6, 21, 0, 'Winter'),
    ('2024-06-22', 2024, 6, 22, 0, 'Winter'),
    ('2024-06-23', 2024, 6, 23, 0, 'Winter'),
    ('2024-06-24', 2024, 6, 24, 0, 'Winter'),
    ('2024-06-25', 2024, 6, 25, 0, 'Winter'),
    ('2024-06-26', 2024, 6, 26, 0, 'Winter'),
    ('2024-06-27', 2024, 6, 27, 0, 'Winter'),
    ('2024-06-28', 2024, 6, 28, 0, 'Winter'),
    ('2024-06-29', 2024, 6, 29, 0, 'Winter'),
    ('2024-06-30', 2024, 6, 30, 0, 'Winter'),
    ('2024-07-01', 2024, 7, 1, 0, 'Winter'),
    ('2024-07-02', 2024, 7, 2, 0, 'Winter'),
    ('2024-07-03', 2024, 7, 3, 0, 'Winter'),
    ('2024-07-04', 2024, 7, 4, 0, 'Winter'),
    ('2024-07-05', 2024, 7, 5, 0, 'Winter'),
    ('2024-07-06', 2024, 7, 6, 0, 'Winter'),
    ('2024-07-07', 2024, 7, 7, 0, 'Winter'),
    ('2024-07-08', 2024, 7, 8, 0, 'Winter'),
    ('2024-07-09', 2024, 7, 9, 0, 'Winter'),
    ('2024-07-10', 2024, 7, 10, 0, 'Winter'),
    ('2024-07-11', 2024, 7, 11, 0, 'Winter'),
    ('2024-07-12', 2024, 7, 12, 0, 'Winter'),
    ('2024-07-13', 2024, 7, 13, 0, 'Winter'),
    ('2024-07-14', 2024, 7, 14, 0, 'Winter'),
    ('2024-07-15', 2024, 7, 15, 0, 'Winter'),
    ('2024-07-16', 2024, 7, 16, 0, 'Winter'),
    ('2024-07-17', 2024, 7, 17, 0, 'Winter'),
    ('2024-07-18', 2024, 7, 18, 0, 'Winter'),
    ('2024-07-19', 2024, 7, 19, 0, 'Winter'),
    ('2024-07-20', 2024, 7, 20, 0, 'Winter'),
    ('2024-07-21', 2024, 7, 21, 0, 'Winter'),
    ('2024-07-22', 2024, 7, 22, 0, 'Winter'),
    ('2024-07-23', 2024, 7, 23, 0, 'Winter'),
    ('2024-07-24', 2024, 7, 24, 0, 'Winter'),
    ('2024-07-25', 2024, 7, 25, 0, 'Winter'),
    ('2024-07-26', 2024, 7, 26, 0, 'Winter'),
    ('2024-07-27', 2024, 7, 27, 0, 'Winter'),
    ('2024-07-28', 2024, 7, 28, 0, 'Winter'),
    ('2024-07-29', 2024, 7, 29, 0, 'Winter'),
    ('2024-07-30', 2024, 7, 30, 0, 'Winter'),
    ('2024-07-31', 2024, 7, 31, 0, 'Winter'),
    ('2024-08-01', 2024, 8, 1, 0, 'Winter'),
    ('2024-08-02', 2024, 8, 2, 0, 'Winter'),
    ('2024-08-03', 2024, 8, 3, 0, 'Winter'),
    ('2024-08-04', 2024, 8, 4, 0, 'Winter'),
    ('2024-08-05', 2024, 8, 5, 0, 'Winter'),
    ('2024-08-06', 2024, 8, 6, 0, 'Winter'),
    ('2024-08-07', 2024, 8, 7, 0, 'Winter'),
    ('2024-08-08', 2024, 8, 8, 0, 'Winter'),
    ('2024-08-09', 2024, 8, 9, 1, 'Winter'),
    ('2024-08-10', 2024, 8, 10, 0, 'Winter'),
    ('2024-08-11', 2024, 8, 11, 0, 'Winter'),
    ('2024-08-12', 2024, 8, 12, 0, 'Winter'),
    ('2024-08-13', 2024, 8, 13, 0, 'Winter'),
    ('2024-08-14', 2024, 8, 14, 0, 'Winter'),
    ('2024-08-15', 2024, 8, 15, 0, 'Winter'),
    ('2024-08-16', 2024, 8, 16, 0, 'Winter'),
    ('2024-08-17', 2024, 8, 17, 0, 'Winter'),
    ('2024-08-18', 2024, 8, 18, 0, 'Winter'),
    ('2024-08-19', 2024, 8, 19, 0, 'Winter'),
    ('2024-08-20', 2024, 8, 20, 0, 'Winter'),
    ('2024-08-21', 2024, 8, 21, 0, 'Winter'),
    ('2024-08-22', 2024, 8, 22, 0, 'Winter'),
    ('2024-08-23', 2024, 8, 23, 0, 'Winter'),
    ('2024-08-24', 2024, 8, 24, 0, 'Winter'),
    ('2024-08-25', 2024, 8, 25, 0, 'Winter'),
    ('2024-08-26', 2024, 8, 26, 0, 'Winter'),
    ('2024-08-27', 2024, 8, 27, 0, 'Winter'),
    ('2024-08-28', 2024, 8, 28, 0, 'Winter'),
    ('2024-08-29', 2024, 8, 29, 0, 'Winter'),
    ('2024-08-30', 2024, 8, 30, 0, 'Winter'),
    ('2024-08-31', 2024, 8, 31, 0, 'Winter'),
    ('2024-09-01', 2024, 9, 1, 0, 'Spring'),
    ('2024-09-02', 2024, 9, 2, 0, 'Spring'),
    ('2024-09-03', 2024, 9, 3, 0, 'Spring'),
    ('2024-09-04', 2024, 9, 4, 0, 'Spring'),
    ('2024-09-05', 2024, 9, 5, 0, 'Spring'),
    ('2024-09-06', 2024, 9, 6, 0, 'Spring'),
    ('2024-09-07', 2024, 9, 7, 0, 'Spring'),
    ('2024-09-08', 2024, 9, 8, 0, 'Spring'),
    ('2024-09-09', 2024, 9, 9, 0, 'Spring'),
    ('2024-09-10', 2024, 9, 10, 0, 'Spring'),
    ('2024-09-11', 2024, 9, 11, 0, 'Spring'),
    ('2024-09-12', 2024, 9, 12, 0, 'Spring'),
    ('2024-09-13', 2024, 9, 13, 0, 'Spring'),
    ('2024-09-14', 2024, 9, 14, 0, 'Spring'),
    ('2024-09-15', 2024, 9, 15, 0, 'Spring'),
    ('2024-09-16', 2024, 9, 16, 0, 'Spring'),
    ('2024-09-17', 2024, 9, 17, 0, 'Spring'),
    ('2024-09-18', 2024, 9, 18, 0, 'Spring'),
    ('2024-09-19', 2024, 9, 19, 0, 'Spring'),
    ('2024-09-20', 2024, 9, 20, 0, 'Spring'),
    ('2024-09-21', 2024, 9, 21, 0, 'Spring'),
    ('2024-09-22', 2024, 9, 22, 0, 'Spring'),
    ('2024-09-23', 2024, 9, 23, 0, 'Spring'),
    ('2024-09-24', 2024, 9, 24, 1, 'Spring'),
    ('2024-09-25', 2024, 9, 25, 0, 'Spring'),
    ('2024-09-26', 2024, 9, 26, 0, 'Spring'),
    ('2024-09-27', 2024, 9, 27, 0, 'Spring'),
    ('2024-09-28', 2024, 9, 28, 0, 'Spring'),
    ('2024-09-29', 2024, 9, 29, 0, 'Spring'),
    ('2024-09-30', 2024, 9, 30, 0, 'Spring'),
    ('2024-10-01', 2024, 10, 1, 0, 'Spring'),
    ('2024-10-02', 2024, 10, 2, 0, 'Spring'),
    ('2024-10-03', 2024, 10, 3, 0, 'Spring'),
    ('2024-10-04', 2024, 10, 4, 0, 'Spring'),
    ('2024-10-05', 2024, 10, 5, 0, 'Spring'),
    ('2024-10-06', 2024, 10, 6, 0, 'Spring'),
    ('2024-10-07', 2024, 10, 7, 0, 'Spring'),
    ('2024-10-08', 2024, 10, 8, 0, 'Spring'),
    ('2024-10-09', 2024, 10, 9, 0, 'Spring'),
    ('2024-10-10', 2024, 10, 10, 0, 'Spring'),
    ('2024-10-11', 2024, 10, 11, 0, 'Spring'),
    ('2024-10-12', 2024, 10, 12, 0, 'Spring'),
    ('2024-10-13', 2024, 10, 13, 0, 'Spring'),
    ('2024-10-14', 2024, 10, 14, 0, 'Spring'),
    ('2024-10-15', 2024, 10, 15, 0, 'Spring'),
    ('2024-10-16', 2024, 10, 16, 0, 'Spring'),
    ('2024-10-17', 2024, 10, 17, 0, 'Spring'),
    ('2024-10-18', 2024, 10, 18, 0, 'Spring'),
    ('2024-10-19', 2024, 10, 19, 0, 'Spring'),
    ('2024-10-20', 2024, 10, 20, 0, 'Spring'),
    ('2024-10-21', 2024, 10, 21, 0, 'Spring'),
    ('2024-10-22', 2024, 10, 22, 0, 'Spring'),
    ('2024-10-23', 2024, 10, 23, 0, 'Spring'),
    ('2024-10-24', 2024, 10, 24, 0, 'Spring'),
    ('2024-10-25', 2024, 10, 25, 0, 'Spring'),
    ('2024-10-26', 2024, 10, 26, 0, 'Spring'),
    ('2024-10-27', 2024, 10, 27, 0, 'Spring'),
    ('2024-10-28', 2024, 10, 28, 0, 'Spring'),
    ('2024-10-29', 2024, 10, 29, 0, 'Spring'),
    ('2024-10-30', 2024, 10, 30, 0, 'Spring'),
    ('2024-10-31', 2024, 10, 31, 0, 'Spring'),
    ('2024-11-01', 2024, 11, 1, 0, 'Spring'),
    ('2024-11-02', 2024, 11, 2, 0, 'Spring'),
    ('2024-11-03', 2024, 11, 3, 0, 'Spring'),
    ('2024-11-04', 2024, 11, 4, 0, 'Spring'),
    ('2024-11-05', 2024, 11, 5, 0, 'Spring'),
    ('2024-11-06', 2024, 11, 6, 0, 'Spring'),
    ('2024-11-07', 2024, 11, 7, 0, 'Spring'),
    ('2024-11-08', 2024, 11, 8, 0, 'Spring'),
    ('2024-11-09', 2024, 11, 9, 0, 'Spring'),
    ('2024-11-10', 2024, 11, 10, 0, 'Spring'),
    ('2024-11-11', 2024, 11, 11, 0, 'Spring'),
    ('2024-11-12', 2024, 11, 12, 0, 'Spring'),
    ('2024-11-13', 2024, 11, 13, 0, 'Spring'),
    ('2024-11-14', 2024, 11, 14, 0, 'Spring'),
    ('2024-11-15', 2024, 11, 15, 0, 'Spring'),
    ('2024-11-16', 2024, 11, 16, 0, 'Spring'),
    ('2024-11-17', 2024, 11, 17, 0, 'Spring'),
    ('2024-11-18', 2024, 11, 18, 0, 'Spring'),
    ('2024-11-19', 2024, 11, 19, 0, 'Spring'),
    ('2024-11-20', 2024, 11, 20, 0, 'Spring'),
    ('2024-11-21', 2024, 11, 21, 0, 'Spring'),
    ('2024-11-22', 2024, 11, 22, 0, 'Spring'),
    ('2024-11-23', 2024, 11, 23, 0, 'Spring'),
    ('2024-11-24', 2024, 11, 24, 0, 'Spring'),
    ('2024-11-25', 2024, 11, 25, 0, 'Spring'),
    ('2024-11-26', 2024, 11, 26, 0, 'Spring'),
    ('2024-11-27', 2024, 11, 27, 0, 'Spring'),
    ('2024-11-28', 2024, 11, 28, 0, 'Spring'),
    ('2024-11-29', 2024, 11, 29, 0, 'Spring'),
    ('2024-11-30', 2024, 11, 30, 0, 'Spring'),
    ('2024-12-01', 2024, 12, 1, 0, 'Summer'),
    ('2024-12-02', 2024, 12, 2, 0, 'Summer'),
    ('2024-12-03', 2024, 12, 3, 0, 'Summer'),
    ('2024-12-04', 2024, 12, 4, 0, 'Summer'),
    ('2024-12-05', 2024, 12, 5, 0, 'Summer'),
    ('2024-12-06', 2024, 12, 6, 0, 'Summer'),
    ('2024-12-07', 2024, 12, 7, 0, 'Summer'),
    ('2024-12-08', 2024, 12, 8, 0, 'Summer'),
    ('2024-12-09', 2024, 12, 9, 0, 'Summer'),
    ('2024-12-10', 2024, 12, 10, 0, 'Summer'),
    ('2024-12-11', 2024, 12, 11, 0, 'Summer'),
    ('2024-12-12', 2024, 12, 12, 0, 'Summer'),
    ('2024-12-13', 2024, 12, 13, 0, 'Summer'),
    ('2024-12-14', 2024, 12, 14, 0, 'Summer'),
    ('2024-12-15', 2024, 12, 15, 0, 'Summer'),
    ('2024-12-16', 2024, 12, 16, 1, 'Summer'),
    ('2024-12-17', 2024, 12, 17, 0, 'Summer'),
    ('2024-12-18', 2024, 12, 18, 0, 'Summer'),
    ('2024-12-19', 2024, 12, 19, 0, 'Summer'),
    ('2024-12-20', 2024, 12, 20, 0, 'Summer'),
    ('2024-12-21', 2024, 12, 21, 0, 'Summer'),
    ('2024-12-22', 2024, 12, 22, 0, 'Summer'),
    ('2024-12-23', 2024, 12, 23, 0, 'Summer'),
    ('2024-12-24', 2024, 12, 24, 0, 'Summer'),
    ('2024-12-25', 2024, 12, 25, 1, 'Summer'),
    ('2024-12-26', 2024, 12, 26, 1, 'Summer'),
    ('2024-12-27', 2024, 12, 27, 0, 'Summer'),
    ('2024-12-28', 2024, 12, 28, 0, 'Summer'),
    ('2024-12-29', 2024, 12, 29, 0, 'Summer'),
    ('2024-12-30', 2024, 12, 30, 0, 'Summer'),
    ('2024-12-31', 2024, 12, 31, 0, 'Summer');

-- 3. DIM_SALESPERSON (10 rows)
INSERT INTO Dim_SalesPerson (SalesPerson_ID, FullName, Commission_Rate, Hourly_Rate, Sales_Role) VALUES
    (1, 'Siphamandla Dube', 0.04, 50.14, 'Store Manager'),
    (2, 'Chantelle Rossouw', 0.01, 109.64, 'Senior Associate'),
    (3, 'Pravesh Govender', 0.03, 115.62, 'Associate'),
    (4, 'Nokuthula Mthembu', 0.03, 88.42, 'Associate'),
    (5, 'Riaan Botha', 0.01, 51.15, 'Senior Associate'),
    (6, 'Amahle Zulu', 0.04, 87.39, 'Associate'),
    (7, 'Gareth Petersen', 0.02, 64.56, 'Store Manager'),
    (8, 'Thandeka Shabalala', 0.04, 68.56, 'Associate'),
    (9, 'Ashwin Naidoo', 0.02, 54.82, 'Senior Associate'),
    (10, 'Liezl Van Wyk', 0.04, 79.29, 'Associate');

-- 4. DIM_PRODUCT (30 rows — prices in ZAR)
INSERT INTO Dim_Product (Product_ID, Name, Brand, Colourway, Size, Cost, Price) VALUES
    (1, 'Air Max 90', 'Adidas', 'White/Black', 6, 2100.63, 5706.27),
    (2, 'Ultra Boost', 'New Balance', 'Triple Black', 6.5, 1441.6, 4033.58),
    (3, '990v5', 'Jordan', 'Grey/Navy', 8, 902.57, 1603.96),
    (4, 'Air Jordan 1', 'Puma', 'Red/White', 6.5, 985.44, 1925.27),
    (5, 'Suede Classic', 'Converse', 'Royal Blue', 7, 2030.98, 4022.12),
    (6, 'Chuck Taylor', 'Vans', 'All White', 8, 1413.46, 3118.35),
    (7, 'Old Skool', 'Reebok', 'Checkerboard', 11, 1656.35, 4610.29),
    (8, 'Club C 85', 'Asics', 'Pastel Pink', 10, 1540.52, 3648.29),
    (9, 'Gel-Kayano', 'On Running', 'Forest Green', 7, 1219.13, 2880.08),
    (10, 'Cloudmonster', 'Nike', 'Volt Yellow', 11.5, 1170.25, 3108.92),
    (11, 'Air Force 1', 'Adidas', 'Cream/Gum', 10.5, 1574.51, 2919.22),
    (12, 'Stan Smith', 'New Balance', 'Panda', 11, 1094.88, 2130.36),
    (13, '574', 'Jordan', 'Sea Glass', 9.5, 1687.93, 3111.16),
    (14, 'Air Jordan 4', 'Puma', 'University Blue', 6, 1151.57, 3086.91),
    (15, 'Future Rider', 'Converse', 'Sand Dune', 8, 929.22, 1905.5),
    (16, 'Run Star Hike', 'Vans', 'Egret', 7, 861.72, 1666.24),
    (17, 'Sk8-Hi', 'Reebok', 'Paisley', 11.5, 1691.96, 3114.12),
    (18, 'Classic Leather', 'Asics', 'Alabaster', 10, 1418.57, 3429.21),
    (19, 'GT-2000', 'On Running', 'Thunder', 11.5, 813.54, 1299.89),
    (20, 'Cloudstratus', 'Nike', 'Midnight Navy', 13, 2065.5, 4563.24),
    (21, 'Dunk Low', 'Adidas', 'Phantom', 9, 1316.9, 2921.26),
    (22, 'Yeezy 350', 'New Balance', 'Onyx', 12, 978.42, 1859.72),
    (23, '2002R', 'Jordan', 'Marble', 8.5, 2161.07, 3353.69),
    (24, 'Travis Scott 1', 'Puma', 'Hyper Royal', 6.5, 1094.11, 1996.08),
    (25, 'RS-X', 'Converse', 'Neon Green', 13, 1295.15, 2885.4),
    (26, 'One Star', 'Vans', 'Heritage', 7, 1368.93, 3157.93),
    (27, 'Era', 'Reebok', 'Primary', 7, 2096.07, 3789.19),
    (28, 'Nano X3', 'Asics', 'Dark Smoke', 9, 2166.69, 5533.73),
    (29, 'Nimbus 25', 'On Running', 'Oatmeal', 8.5, 834.7, 2051.3),
    (30, 'Cloudflow 4', 'Nike', 'Cloud', 11, 1895.34, 3857.45);

-- 5. DIM_STORE (8 rows — all South Africa)
INSERT INTO Dim_Store (Store_ID, Country, Province, City, Zipcode, Store_Size) VALUES
    (1, 'South Africa', 'Gauteng', 'Johannesburg', '2000', 4500),
    (2, 'South Africa', 'Gauteng', 'Pretoria', '0001', 3200),
    (3, 'South Africa', 'Western Cape', 'Cape Town', '8001', 4800),
    (4, 'South Africa', 'KwaZulu-Natal', 'Durban', '4001', 3600),
    (5, 'South Africa', 'Eastern Cape', 'Port Elizabeth', '6001', 2800),
    (6, 'South Africa', 'Free State', 'Bloemfontein', '9301', 2400),
    (7, 'South Africa', 'Mpumalanga', 'Nelspruit', '1200', 2100),
    (8, 'South Africa', 'Gauteng', 'Sandton', '2196', 5500);

-- 6. DIM_CHANNEL (4 rows)
INSERT INTO Dim_Channel (Channel_ID, Type, Device_Type) VALUES
    (1, 'In-store', NULL),
    (2, 'Online', 'Desktop'),
    (3, 'Online', 'Mobile'),
    (4, 'App', 'Mobile');

-- 7. DIM_FULFILMENT (5 rows — SA carriers)
INSERT INTO Dim_Fulfilment (Fulfilment_ID, Method, Carrier, Tracking_Number, Delivery_Status) VALUES
    (1, 'Walk-out', NULL, NULL, 'Completed'),
    (2, 'Delivery', 'The Courier Guy', 'TCG8374651', 'Delivered'),
    (3, 'Delivery', 'Aramex SA', 'ARX9283746', 'Delivered'),
    (4, 'Delivery', 'DHL Express', 'DHL7465102', 'In Transit'),
    (5, 'Pickup', NULL, NULL, 'Ready for Pickup');

-- 8. FACT_SALES (200 rows — all FKs verified against dimensions above)
INSERT INTO Fact_Sales
    (Sales_ID, Customer_ID, Date_ID, Store_ID, Product_ID,
     Channel_ID, Fulfilment_ID, SalesPerson_ID, Unit_Price, Quantity, Discount)
VALUES
    (1, 11, '2024-12-25', 2, 13, 2, 4, 1, 5708.12, 1, 99.79),
    (2, 20, '2024-04-26', 4, 1, 4, 4, 4, 3131.41, 2, 432.18),
    (3, 42, '2024-09-17', 7, 22, 3, 4, 9, 2754.44, 1, 57.67),
    (4, 38, '2024-05-15', 1, 4, 3, 3, 10, 3333.56, 3, 393.21),
    (5, 25, '2024-10-22', 4, 9, 4, 2, 1, 4869.2, 1, 259.96),
    (6, 28, '2024-02-05', 6, 20, 2, 4, 6, 4614.97, 1, 359.88),
    (7, 43, '2024-07-28', 6, 13, 3, 4, 5, 4004.71, 1, 210.22),
    (8, 40, '2024-10-18', 5, 13, 4, 3, 9, 5568.86, 2, 143.46),
    (9, 30, '2024-08-14', 8, 22, 4, 4, 4, 3762.57, 3, 84.85),
    (10, 33, '2024-12-05', 6, 3, 1, 1, 4, 4667.66, 1, 403.28),
    (11, 3, '2024-05-05', 8, 20, 2, 2, 2, 3450.33, 3, 287.84),
    (12, 26, '2024-05-04', 3, 21, 4, 5, 1, 5898.9, 1, 389.21),
    (13, 45, '2024-09-22', 8, 2, 2, 3, 9, 2295.51, 1, 228.23),
    (14, 49, '2024-08-14', 7, 27, 4, 4, 9, 3397.12, 1, 371.83),
    (15, 17, '2024-05-06', 5, 25, 4, 5, 9, 3613.74, 1, 137.3),
    (16, 16, '2024-05-19', 6, 11, 1, 1, 9, 1351.23, 1, 115.63),
    (17, 5, '2024-07-31', 7, 11, 2, 3, 9, 3509.18, 1, 103.42),
    (18, 50, '2024-10-26', 1, 28, 4, 5, 10, 3030.13, 1, 471.37),
    (19, 27, '2024-10-02', 4, 16, 3, 5, 4, 2428.44, 2, 14.51),
    (20, 47, '2024-03-25', 8, 30, 3, 5, 3, 6392.04, 3, 13.48),
    (21, 6, '2024-11-25', 7, 5, 4, 2, 8, 1917.68, 2, 189.55),
    (22, 21, '2024-06-21', 7, 9, 2, 5, 7, 2312.72, 1, 235.15),
    (23, 15, '2024-11-28', 2, 25, 1, 1, 1, 5123.71, 1, 99.68),
    (24, 16, '2024-03-05', 8, 22, 1, 1, 2, 4058.23, 1, 232.52),
    (25, 11, '2024-11-06', 2, 25, 3, 4, 3, 6302.44, 1, 289.34),
    (26, 26, '2024-04-11', 2, 19, 3, 5, 4, 1470.65, 2, 425.15),
    (27, 23, '2024-09-29', 7, 22, 1, 1, 6, 1286.16, 3, 170.62),
    (28, 7, '2024-08-09', 6, 21, 4, 5, 8, 4860.93, 2, 88.07),
    (29, 30, '2024-08-11', 5, 11, 3, 5, 4, 5552.09, 1, 139.46),
    (30, 49, '2024-08-25', 7, 11, 4, 3, 1, 3668.12, 2, 90.92),
    (31, 17, '2024-06-23', 5, 29, 2, 4, 10, 4826.63, 2, 277.9),
    (32, 16, '2024-07-27', 8, 18, 2, 2, 4, 4767.41, 3, 355.92),
    (33, 6, '2024-05-30', 4, 13, 4, 2, 4, 2614.75, 3, 184.51),
    (34, 48, '2024-10-08', 6, 12, 3, 5, 8, 2417.13, 2, 115.27),
    (35, 8, '2024-10-01', 3, 7, 2, 4, 4, 5036.19, 2, 362.29),
    (36, 13, '2024-05-31', 4, 12, 3, 2, 3, 2592.7, 3, 267.07),
    (37, 4, '2024-10-10', 5, 23, 3, 2, 3, 4472.07, 2, 51.29),
    (38, 31, '2024-09-02', 8, 11, 1, 1, 3, 6306.79, 2, 470.53),
    (39, 5, '2024-07-24', 8, 3, 4, 2, 10, 4424.9, 1, 75.86),
    (40, 16, '2024-03-01', 7, 20, 3, 2, 10, 5328.15, 1, 387.85),
    (41, 29, '2024-06-01', 7, 10, 4, 5, 10, 4377.75, 3, 480.05),
    (42, 41, '2024-04-18', 5, 22, 1, 1, 2, 1779.52, 1, 276.0),
    (43, 27, '2024-08-18', 8, 10, 2, 2, 1, 2196.27, 3, 141.36),
    (44, 44, '2024-04-29', 5, 26, 4, 2, 10, 4602.63, 1, 212.57),
    (45, 18, '2024-03-13', 2, 2, 2, 3, 3, 5338.72, 3, 374.48),
    (46, 8, '2024-08-27', 5, 23, 3, 5, 7, 6178.99, 3, 269.99),
    (47, 39, '2024-01-21', 7, 24, 4, 2, 6, 4280.8, 1, 45.66),
    (48, 37, '2024-01-21', 3, 16, 1, 1, 9, 4548.45, 2, 90.74),
    (49, 6, '2024-08-28', 6, 14, 4, 5, 6, 2697.93, 1, 428.87),
    (50, 45, '2024-09-10', 5, 22, 3, 5, 7, 5455.97, 3, 18.35),
    (51, 17, '2024-06-14', 2, 25, 1, 1, 7, 5743.5, 1, 328.83),
    (52, 4, '2024-04-06', 6, 20, 4, 5, 8, 4402.29, 1, 101.78),
    (53, 29, '2024-12-23', 8, 4, 2, 4, 1, 6349.62, 3, 399.66),
    (54, 36, '2024-01-08', 7, 3, 2, 4, 4, 6456.64, 1, 230.72),
    (55, 32, '2024-05-29', 5, 14, 1, 1, 8, 6389.37, 1, 228.39),
    (56, 13, '2024-11-02', 3, 28, 2, 5, 2, 2446.99, 2, 169.94),
    (57, 19, '2024-06-01', 8, 28, 3, 2, 3, 3400.67, 2, 172.56),
    (58, 21, '2024-04-06', 4, 19, 4, 5, 7, 2207.95, 2, 21.82),
    (59, 25, '2024-12-05', 3, 16, 4, 5, 1, 1606.98, 3, 166.0),
    (60, 7, '2024-09-26', 8, 1, 1, 1, 3, 3195.88, 3, 484.98),
    (61, 17, '2024-06-22', 7, 21, 1, 1, 2, 5669.89, 3, 429.67),
    (62, 41, '2024-09-06', 1, 20, 4, 4, 2, 2214.71, 3, 460.46),
    (63, 28, '2024-02-20', 2, 15, 2, 2, 3, 4786.41, 1, 23.0),
    (64, 23, '2024-07-10', 7, 5, 1, 1, 4, 3874.53, 3, 340.9),
    (65, 12, '2024-02-10', 7, 20, 2, 3, 4, 3686.94, 3, 71.56),
    (66, 30, '2024-05-10', 1, 29, 4, 4, 8, 5946.77, 3, 273.3),
    (67, 23, '2024-10-27', 5, 21, 1, 1, 7, 4765.76, 2, 422.65),
    (68, 31, '2024-02-24', 4, 13, 2, 5, 10, 2910.17, 2, 496.35),
    (69, 43, '2024-07-21', 5, 1, 3, 2, 10, 5744.38, 3, 486.8),
    (70, 50, '2024-04-27', 6, 8, 4, 4, 4, 4376.99, 3, 377.79),
    (71, 41, '2024-11-26', 1, 10, 2, 2, 8, 1086.84, 2, 366.18),
    (72, 21, '2024-07-31', 3, 7, 1, 1, 3, 5304.47, 2, 265.43),
    (73, 17, '2024-09-03', 5, 24, 3, 3, 6, 5403.7, 2, 481.45),
    (74, 44, '2024-12-11', 7, 28, 2, 3, 9, 2948.34, 2, 6.96),
    (75, 24, '2024-12-10', 5, 19, 1, 1, 7, 5505.54, 2, 54.17),
    (76, 2, '2024-11-13', 6, 30, 2, 5, 10, 2139.66, 1, 317.7),
    (77, 42, '2024-07-28', 2, 5, 4, 4, 1, 6199.06, 2, 497.96),
    (78, 16, '2024-10-02', 3, 13, 1, 1, 8, 2977.66, 3, 348.24),
    (79, 27, '2024-12-01', 2, 27, 4, 3, 8, 4347.65, 2, 16.36),
    (80, 29, '2024-08-15', 4, 28, 3, 3, 6, 1456.39, 3, 183.67),
    (81, 26, '2024-05-21', 4, 4, 3, 2, 8, 1413.37, 1, 320.85),
    (82, 22, '2024-05-04', 3, 26, 1, 1, 10, 2049.15, 3, 103.58),
    (83, 22, '2024-03-16', 1, 9, 2, 3, 3, 6430.15, 3, 125.33),
    (84, 43, '2024-01-14', 3, 1, 2, 2, 6, 5323.91, 1, 294.43),
    (85, 17, '2024-01-27', 3, 24, 1, 1, 7, 3846.08, 3, 31.78),
    (86, 33, '2024-10-30', 2, 15, 4, 4, 9, 2140.68, 3, 21.68),
    (87, 42, '2024-01-16', 1, 16, 3, 5, 7, 3287.13, 1, 245.13),
    (88, 6, '2024-06-13', 3, 3, 4, 2, 3, 2440.09, 3, 292.68),
    (89, 39, '2024-09-28', 5, 15, 3, 5, 9, 4290.39, 1, 396.55),
    (90, 28, '2024-08-19', 4, 14, 1, 1, 6, 5533.55, 2, 207.99),
    (91, 28, '2024-06-09', 5, 12, 1, 1, 3, 4746.2, 2, 33.57),
    (92, 28, '2024-02-19', 6, 26, 1, 1, 3, 4015.68, 3, 478.31),
    (93, 27, '2024-06-30', 7, 28, 3, 2, 1, 6323.03, 3, 156.22),
    (94, 10, '2024-12-02', 8, 8, 1, 1, 2, 2860.64, 3, 183.78),
    (95, 28, '2024-10-14', 1, 20, 3, 3, 5, 1062.14, 2, 351.35),
    (96, 23, '2024-01-04', 3, 28, 3, 4, 3, 4071.4, 2, 34.79),
    (97, 48, '2024-09-28', 4, 13, 1, 1, 7, 3440.42, 1, 185.03),
    (98, 4, '2024-03-20', 3, 25, 3, 2, 10, 1178.67, 1, 136.05),
    (99, 39, '2024-08-14', 7, 9, 4, 5, 4, 5127.68, 1, 172.59),
    (100, 44, '2024-12-13', 8, 17, 1, 1, 5, 1154.34, 2, 492.22),
    (101, 14, '2024-06-03', 4, 25, 1, 1, 3, 5179.3, 2, 164.06),
    (102, 48, '2024-08-08', 3, 5, 1, 1, 7, 3882.46, 1, 250.13),
    (103, 26, '2024-01-22', 7, 1, 3, 2, 8, 6058.51, 2, 287.88),
    (104, 19, '2024-02-28', 7, 1, 4, 5, 6, 1862.49, 3, 230.05),
    (105, 28, '2024-02-24', 4, 14, 3, 2, 10, 3142.52, 1, 197.88),
    (106, 15, '2024-06-19', 3, 3, 3, 4, 9, 4446.06, 3, 254.98),
    (107, 47, '2024-11-26', 3, 8, 3, 4, 2, 1720.09, 1, 86.75),
    (108, 12, '2024-11-17', 8, 15, 2, 2, 10, 5155.31, 2, 340.57),
    (109, 10, '2024-08-13', 2, 16, 3, 4, 8, 4435.76, 2, 295.71),
    (110, 20, '2024-08-24', 8, 2, 3, 2, 1, 2964.93, 2, 38.37),
    (111, 30, '2024-10-24', 1, 15, 1, 1, 10, 4550.29, 2, 302.5),
    (112, 29, '2024-02-22', 6, 23, 2, 2, 2, 3725.47, 1, 19.57),
    (113, 34, '2024-09-24', 3, 12, 4, 5, 6, 6040.45, 2, 204.38),
    (114, 41, '2024-11-27', 6, 3, 3, 2, 6, 1429.23, 3, 193.28),
    (115, 22, '2024-02-11', 3, 30, 3, 3, 6, 2637.3, 3, 349.24),
    (116, 39, '2024-12-28', 2, 10, 4, 3, 9, 3009.4, 2, 406.59),
    (117, 33, '2024-07-04', 1, 12, 1, 1, 5, 1909.47, 1, 170.87),
    (118, 15, '2024-03-11', 3, 3, 4, 3, 5, 5628.8, 1, 253.84),
    (119, 50, '2024-11-12', 3, 20, 1, 1, 7, 1763.82, 1, 415.67),
    (120, 3, '2024-07-29', 6, 22, 2, 5, 4, 6329.7, 3, 142.46),
    (121, 35, '2024-05-02', 5, 26, 4, 3, 8, 5962.26, 1, 183.92),
    (122, 50, '2024-05-24', 7, 17, 4, 5, 9, 3244.5, 1, 408.45),
    (123, 4, '2024-11-24', 8, 28, 2, 4, 6, 4005.43, 1, 355.7),
    (124, 6, '2024-03-23', 5, 15, 1, 1, 9, 1725.15, 2, 45.86),
    (125, 23, '2024-01-14', 7, 2, 2, 5, 7, 3711.24, 1, 193.08),
    (126, 15, '2024-01-15', 6, 30, 1, 1, 2, 5599.39, 3, 167.65),
    (127, 3, '2024-05-26', 8, 23, 2, 3, 3, 5149.51, 2, 224.3),
    (128, 2, '2024-05-11', 4, 27, 1, 1, 3, 3973.3, 3, 304.44),
    (129, 50, '2024-05-27', 4, 10, 4, 2, 2, 1167.4, 2, 319.48),
    (130, 8, '2024-09-12', 1, 21, 4, 2, 9, 4120.27, 3, 71.79),
    (131, 40, '2024-06-29', 4, 19, 4, 2, 7, 1948.96, 3, 42.81),
    (132, 34, '2024-10-05', 1, 13, 3, 2, 8, 1143.79, 2, 490.52),
    (133, 23, '2024-02-04', 6, 8, 3, 2, 2, 5220.41, 3, 378.34),
    (134, 23, '2024-10-06', 6, 27, 2, 2, 3, 5550.15, 3, 232.31),
    (135, 9, '2024-02-02', 8, 2, 4, 3, 5, 2028.91, 1, 442.9),
    (136, 33, '2024-07-22', 8, 9, 3, 4, 1, 5118.43, 1, 143.06),
    (137, 18, '2024-03-04', 6, 14, 1, 1, 7, 5062.52, 2, 169.52),
    (138, 45, '2024-09-11', 6, 30, 2, 5, 9, 2393.64, 1, 363.54),
    (139, 39, '2024-04-02', 5, 11, 1, 1, 2, 1348.39, 3, 147.82),
    (140, 11, '2024-12-19', 8, 12, 4, 5, 8, 1137.19, 2, 307.43),
    (141, 41, '2024-01-30', 2, 22, 4, 4, 7, 2934.54, 3, 339.71),
    (142, 39, '2024-12-13', 8, 2, 1, 1, 3, 1276.51, 3, 183.16),
    (143, 39, '2024-03-19', 8, 12, 4, 2, 6, 3386.06, 1, 286.96),
    (144, 21, '2024-11-28', 5, 8, 3, 5, 2, 1045.11, 1, 249.52),
    (145, 17, '2024-05-13', 8, 7, 4, 2, 10, 2499.23, 2, 100.09),
    (146, 29, '2024-03-29', 8, 3, 2, 2, 6, 4639.9, 3, 32.47),
    (147, 11, '2024-12-30', 3, 26, 3, 4, 6, 3749.03, 1, 492.57),
    (148, 32, '2024-01-14', 6, 18, 2, 3, 10, 2965.9, 3, 64.89),
    (149, 20, '2024-07-22', 8, 17, 1, 1, 7, 5207.32, 3, 36.88),
    (150, 29, '2024-08-26', 6, 5, 3, 2, 9, 4482.85, 1, 383.89),
    (151, 33, '2024-01-29', 2, 17, 2, 5, 3, 2603.1, 1, 161.33),
    (152, 34, '2024-05-25', 2, 9, 2, 4, 4, 4456.32, 3, 137.23),
    (153, 33, '2024-11-24', 3, 19, 3, 2, 10, 1763.49, 3, 312.24),
    (154, 2, '2024-02-11', 1, 21, 3, 2, 10, 2382.07, 1, 383.48),
    (155, 32, '2024-11-17', 5, 21, 4, 2, 5, 3604.49, 3, 203.05),
    (156, 45, '2024-01-31', 3, 15, 4, 2, 7, 3611.81, 1, 170.1),
    (157, 46, '2024-06-12', 6, 13, 2, 4, 3, 5159.72, 3, 280.83),
    (158, 30, '2024-03-03', 5, 15, 3, 3, 4, 1688.91, 1, 145.11),
    (159, 16, '2024-03-22', 6, 30, 4, 5, 10, 4938.32, 1, 381.56),
    (160, 32, '2024-06-06', 8, 1, 4, 5, 2, 6193.3, 3, 228.62),
    (161, 38, '2024-06-29', 1, 2, 2, 3, 5, 3671.41, 3, 336.26),
    (162, 7, '2024-08-08', 3, 29, 3, 2, 5, 4974.05, 2, 182.97),
    (163, 37, '2024-10-14', 4, 12, 4, 2, 9, 2516.17, 2, 252.13),
    (164, 9, '2024-02-19', 7, 12, 3, 2, 6, 4023.86, 2, 377.48),
    (165, 33, '2024-01-21', 1, 2, 2, 5, 3, 4896.11, 2, 259.67),
    (166, 21, '2024-11-09', 6, 6, 2, 3, 7, 6447.45, 3, 421.3),
    (167, 46, '2024-10-15', 5, 16, 3, 5, 1, 2962.8, 3, 54.8),
    (168, 47, '2024-12-18', 1, 20, 4, 4, 8, 2386.97, 3, 391.45),
    (169, 38, '2024-09-02', 3, 17, 2, 2, 10, 5237.79, 2, 73.89),
    (170, 37, '2024-12-24', 2, 7, 2, 2, 1, 3369.82, 2, 75.72),
    (171, 33, '2024-11-09', 8, 28, 2, 5, 1, 4852.34, 3, 103.67),
    (172, 34, '2024-07-11', 6, 6, 3, 5, 8, 6007.9, 2, 273.14),
    (173, 13, '2024-05-06', 5, 18, 3, 5, 5, 2159.26, 2, 385.59),
    (174, 21, '2024-09-02', 6, 18, 2, 5, 5, 2511.62, 3, 338.31),
    (175, 23, '2024-03-15', 5, 2, 4, 5, 5, 6249.76, 1, 173.18),
    (176, 48, '2024-09-02', 4, 7, 4, 4, 9, 2418.34, 3, 348.09),
    (177, 40, '2024-10-27', 4, 8, 2, 2, 1, 4651.07, 3, 112.84),
    (178, 7, '2024-07-30', 6, 23, 2, 2, 8, 1463.05, 1, 2.59),
    (179, 42, '2024-08-31', 8, 21, 2, 5, 4, 5133.1, 2, 160.58),
    (180, 42, '2024-10-20', 4, 18, 1, 1, 1, 6014.09, 1, 208.94),
    (181, 26, '2024-09-10', 3, 30, 2, 2, 5, 5809.76, 1, 149.2),
    (182, 19, '2024-08-20', 8, 29, 1, 1, 3, 5665.93, 2, 136.42),
    (183, 11, '2024-08-22', 5, 23, 1, 1, 3, 978.87, 2, 395.38),
    (184, 40, '2024-11-23', 7, 27, 2, 3, 7, 3785.57, 1, 200.42),
    (185, 9, '2024-09-01', 6, 30, 1, 1, 4, 938.25, 2, 117.76),
    (186, 20, '2024-10-25', 1, 9, 3, 4, 6, 4779.5, 1, 333.89),
    (187, 11, '2024-07-26', 5, 23, 4, 4, 2, 4476.78, 2, 183.77),
    (188, 9, '2024-09-01', 3, 15, 2, 3, 10, 2992.3, 3, 274.62),
    (189, 49, '2024-05-06', 2, 17, 4, 3, 8, 3857.77, 2, 39.05),
    (190, 36, '2024-09-15', 4, 19, 1, 1, 9, 1739.17, 2, 427.24),
    (191, 44, '2024-04-15', 8, 3, 4, 2, 9, 3394.7, 1, 226.72),
    (192, 37, '2024-01-30', 8, 22, 4, 5, 5, 4950.37, 2, 127.23),
    (193, 38, '2024-02-07', 1, 14, 1, 1, 6, 4822.16, 3, 497.06),
    (194, 3, '2024-05-26', 7, 6, 1, 1, 3, 5188.64, 3, 322.94),
    (195, 25, '2024-08-17', 7, 13, 4, 4, 2, 4723.29, 3, 437.28),
    (196, 8, '2024-04-01', 7, 17, 2, 4, 3, 4976.01, 1, 417.41),
    (197, 30, '2024-12-10', 7, 18, 1, 1, 7, 5510.82, 1, 230.31),
    (198, 13, '2024-02-27', 1, 26, 2, 4, 7, 4343.57, 1, 120.33),
    (199, 39, '2024-01-18', 8, 20, 1, 1, 1, 2270.51, 1, 201.13),
    (200, 49, '2024-01-29', 3, 17, 2, 3, 5, 2211.3, 3, 288.06);